{
    "epoch": 10.0,
    "eval_accuracy": 0.8615384615384616,
    "eval_f1": 0.8619126600028986,
    "eval_loss": 0.401405930519104,
    "eval_precision": 0.8670745025583736,
    "eval_recall": 0.8615384615384616,
    "eval_runtime": 0.5703,
    "eval_samples_per_second": 227.963,
    "eval_steps_per_second": 8.768,
    "total_flos": 1928725203855360.0,
    "train_loss": 0.7732191894365393,
    "train_runtime": 115.465,
    "train_samples_per_second": 63.482,
    "train_steps_per_second": 1.992
}