{
    "epoch": 10.0,
    "eval_accuracy": 0.8615384615384616,
    "eval_f1": 0.8619126600028986,
    "eval_loss": 0.401405930519104,
    "eval_precision": 0.8670745025583736,
    "eval_recall": 0.8615384615384616,
    "eval_runtime": 0.5703,
    "eval_samples_per_second": 227.963,
    "eval_steps_per_second": 8.768
}